"","Flux","Year","Interval","Value"
"1","AWR",2013,"2008to2013",0.024327357055676
"2","AWR",2018,"2013to2018",0.0362465200455391
"3","AWR",2023,"2018tp2023",0.0106293576920891
