"","Flux","Year","Interval","biomassRecruited"
"1","AWR","08to13","2008to2013",0.024327357055676
"2","AWR","13to18","2013to2018",0.0362465200455391
"3","AWR","18to23","2018tp2023",0.0106293576920891
