,Flux,Year,Interval,Value
1,AWM,2013,2008to2013,-3.592270237
2,AWM,2018,2013to2018,-3.994828763
3,AWM,2023,2018to2023,-6.315448447
