"","Flux","Year","Interval","biomassLoss"
"1","AWM","2013","2008to2013",-0.966802873553561
"2","AWM","2018","2013to2018",-0.951749214815923
"3","AWM","2023","2018to2023",-9.23329387155881
