"","Flux","Year","Interval","Value"
"1","AWM",2013,"2008to2013",-1.22766353580295
"2","AWM",2018,"2013to2018",-1.13371792062409
"3","AWM",2023,"2018to2023",-0.87877103427288
