"","Flux","Year","Interval","Value"
"1","AWM",2013,"2008to2013",-1.22779098650783
"2","AWM",2018,"2013to2018",-1.13372836386344
"3","AWM",2023,"2018to2023",-11.0421716649993
