"","Flux","Year","Value"
"1","AWP",2013,2.96813823106485
"2","AWP",2018,2.53504406539294
"3","AWP",2023,2.33201419800156
