,Flux,Year,Value,Interval
1,AWP,2013,2.968138231,2008to2013
2,AWP,2018,2.535044065,2013to2018
3,AWP,2023,2.332014198,2018to2023
