"","Flux","Year","Interval","Value"
"1","AWR",2013,"2008to2013",0.0239900528238118
"2","AWR",2018,"2013to2018",0.0384139280101311
"3","AWR",2023,"2018tp2023",0.0136484097464416
