"","Flux","Year","Value","Interval"
"1","AWP",2013,2.96813823057478,"2008to2013"
"2","AWP",2018,2.53504406479056,"2013to2018"
"3","AWP",2023,2.33201419735493,"2018to2023"
