"","Flux","Year","Interval","Value"
"1","AWM",2013,"2008to2013",-1.61392442084933
"2","AWM",2018,"2013to2018",-1.51967454042935
"3","AWM",2023,"2018to2023",-3.51657817906358
