"","Flux","Year","Value"
"1","AWP",2013,2.96813823057478
"2","AWP",2018,2.53504406479056
"3","AWP",2023,2.33201419735493
